{"cameraMode":{"drawMode":0,"name":"Shaded","section":"Shading Mode"},"sceneLighting":true,"audioPlay":false,"sceneViewState":{"m_AlwaysRefresh":false,"showFog":true,"showSkybox":true,"showFlares":true,"showImageEffects":true,"showParticleSystems":true,"showVisualEffectGraphs":true,"m_FxEnabled":true},"in2DMode":false,"pivot":{"x":5.339873313903809,"y":-1.313852071762085,"z":-0.18899750709533692},"rotation":{"x":-0.10878372192382813,"y":-0.24574874341487885,"z":0.027778415009379388,"w":-0.9628249406814575},"size":8.097908020019532,"orthographic":false}